Id,preco
4651,422548.43448553665
4652,201643.6069907812
4653,305781.7005250534
4654,185122.20867012456
4655,205001.23700788838
4656,221779.02250144802
4657,328847.85014518787
4658,243410.79845052425
4659,272314.8392672359
4660,330754.471432823
4661,333668.66896351334
4662,379768.06436910003
4663,398289.77865406376
4664,260407.56651536707
4665,335335.74729692785
4666,302641.7119172402
4667,251529.94967343938
4668,244437.61867961177
4669,284088.2206253208
4670,415350.6843325957
4671,324692.9328459089
4672,268741.7599459118
4673,252292.7067993743
4674,299198.0342303041
4675,265418.1669653326
4676,255263.39035781607
4677,335431.2792319048
4678,279344.2931454904
4679,373027.77055267064
4680,409464.48865083867
4681,310862.4248230549
4682,432194.8632011117
4683,422511.7119652237
4684,385783.72184722417
4685,343289.3172980633
4686,306693.5327190364
4687,282815.16181637876
4688,491799.2248372007
4689,261483.64454362474
4690,241879.705785754
4691,554032.2647860094
4692,326483.2787013209
4693,268363.1339768927
4694,363100.1865896488
4695,395566.61398345756
4696,198156.92044962247
4697,728522.4862068726
4698,316326.05145253986
4699,203118.45872022377
4700,277416.7114109121
4701,267772.655824388
4702,272314.8392672359
4703,395252.71273964184
4704,418746.7127927926
4705,385335.84460260643
4706,209406.91714146294
4707,331810.54265579977
4708,262780.4448883383
4709,389832.02495312836
4710,444762.2337434636
4711,527914.9182473427
4712,280885.2486315039
4713,431326.62054903625
4714,971838.2004404264
4715,252888.18302549102
4716,336375.9157096539
4717,333715.5505176315
4718,420121.5208140901
4719,346887.5393512444
4720,256489.60928043042
4721,658182.3925964006
4722,262137.95100826852
4723,304364.5456649275
4724,269335.51251117035
4725,214932.08406573252
4726,518212.5146984913
4727,221193.03996378064
4728,355324.5140934263
4729,162678.76589921812
4730,196406.89118986376
4731,285754.1848221292
4732,249367.1867049469
4733,287945.8100929707
4734,432898.8278553537
4735,858019.3397170017
4736,268237.03294219746
4737,251529.94967343938
4738,307086.19173101464
4739,335431.2792319048
4740,239305.02044692304
4741,368045.3977189208
4742,332672.93617820396
4743,181633.72151508956
4744,256792.53194379486
4745,223048.82893159497
4746,360260.4068614808
4747,381376.1761447921
4748,423969.7253565374
4749,305917.912176271
4750,303808.45031135733
4751,229944.63431021784
4752,262202.5539998137
4753,412920.96876362624
4754,379147.47978105646
4755,248760.17837773685
4756,357451.1855862146
4757,356679.6511790645
4758,436492.319773176
4759,243664.31555722776
4760,324006.7172760809
4761,283573.5228037289
4762,340116.8525067218
4763,212919.6391215654
4764,278778.9274524309
4765,376334.5389245274
4766,284340.71597873914
4767,300782.52189096116
4768,1022286.8383090851
4769,317870.7691252945
4770,276288.063392492
4771,826408.0856516426
4772,251826.6462037862
4773,252604.78394955373
4774,223138.91882224014
4775,227145.39781273928
4776,318509.54277108714
4777,301423.7499587002
4778,421680.21205627144
4779,270992.4990168716
4780,382228.4340186226
4781,337089.1603294722
4782,704714.1974128707
4783,293446.69934634515
4784,699065.4681036411
4785,399741.7850358449
4786,279471.5318768845
4787,321497.61717696785
4788,864812.1464985996
4789,378349.8696852165
4790,242726.63304663004
4791,757038.361601237
4792,247430.95723046956
4793,246253.7907734018
4794,405071.640750752
4795,334123.01931981207
4796,260396.58201817554
4797,217389.54390617076
4798,540291.6283430136
4799,363640.99334781355
4800,373949.0442714607
4801,352977.9965469508
4802,329233.0984144344
4803,429860.97814221855
4804,349473.44145283574
4805,261452.45172386232
4806,270570.62412421807
4807,269887.6308362484
4808,262787.5271158432
4809,314602.5562222456
4810,520974.982040414
4811,394768.0440256964
4812,286448.0381805604
4813,359816.7653174413
4814,281216.8255149109
4815,320388.885172417
4816,310491.102038427
4817,275893.0574362634
4818,337725.5175530367
4819,239723.95800440063
4820,356355.14123639785
4821,324685.59947626904
4822,292172.1006514811
4823,315108.8379193859
4824,332853.30106956663
4825,273016.2652711842
4826,872674.7887500894
4827,340080.4072445558
4828,275082.54910872906
4829,412217.5441913515
4830,210224.71628115492
4831,426745.81815269473
4832,276086.9106774654
4833,482855.41649212525
4834,344587.57108917553
4835,361333.71171482984
4836,277886.2799655864
4837,306324.3653173066
4838,283488.37441589974
4839,427443.27152762807
4840,306544.42264622374
4841,489636.1340017048
4842,400947.51381296647
4843,218583.26913203203
4844,246403.88459787105
4845,203048.74205733588
4846,333236.5694175616
4847,200790.3885440773
4848,512687.21000993735
4849,295261.0177959537
4850,304214.74963596754
4851,420484.6052042371
4852,204290.80758406804
4853,288537.9209401462
4854,355087.93499115086
4855,304440.46178083477
4856,300014.13162685564
4857,175736.78177212778
4858,255854.62446906982
4859,378318.955624912
4860,410630.2863021722
4861,376554.1416441763
4862,461686.1417422483
4863,284139.0116200811
4864,291717.48967884225
4865,521192.15263573464
4866,295261.0177959537
4867,263784.7354647268
4868,396909.48034122767
4869,266352.1261365687
4870,252292.7067993743
4871,284342.1830373939
4872,351064.47981918865
4873,1944243.3561559657
4874,274918.69010375725
4875,300577.3564511107
4876,371043.9951324085
4877,332108.75538971036
4878,281982.9847106597
4879,1389078.9455931184
4880,302742.6704142641
4881,251529.94967343938
4882,288262.71159370715
4883,276288.063392492
4884,316393.3505113861
4885,290084.4110296631
4886,283409.06363046827
4887,401069.92347109626
4888,473318.7377429742
4889,384998.8134759079
4890,264480.96258889535
4891,345712.23563744006
4892,221922.39108690148
4893,274763.0163385868
4894,261362.42557582335
4895,351152.9105771408
4896,239305.02044692304
4897,324201.20553466206
4898,328712.53537363035
4899,325789.42695435334
4900,378455.93996438273
4901,432100.9267550352
4902,281227.1001809724
4903,273675.8419020623
4904,302807.20492984634
4905,306700.9410591836
4906,330869.08804393903
4907,339784.46164728125
4908,373995.142268493
4909,447288.0576260801
4910,422713.57082606433
4911,297109.94652713137
4912,295452.7783568005
4913,209811.43881416347
4914,433702.2628065319
4915,250942.66395612713
4916,242878.67050223454
4917,358459.9769032594
4918,347034.80056849803
4919,215313.19510854152
4920,399741.7850358449
4921,240718.39844193228
4922,349368.6924372603
4923,330832.80395499803
4924,269362.71443659556
4925,269533.5291462083
4926,330057.59515083005
4927,222388.0858651368
4928,404292.0399152028
4929,339784.46164728125
4930,362441.7841828876
4931,200790.3885440773
4932,365472.53906724334
4933,277218.3350462292
4934,269932.69586857455
4935,407338.7811479477
4936,913511.012019632
4937,339143.74172027316
4938,380178.38968632574
4939,280612.3967250727
4940,352918.2789766427
4941,412428.9538623926
4942,356633.3514140184
4943,388942.475661338
4944,358060.61912428244
4945,738905.1890239966
4946,292188.34308771306
4947,294738.23159190273
4948,410875.6912333796
4949,311893.5703771739
4950,340729.78303931555
4951,326525.7177860179
4952,323134.60349182406
4953,210120.98271426247
4954,355316.7597427027
4955,310862.4248230549
4956,220669.73685155445
4957,184881.16435017038
4958,351129.37829888
4959,277145.3869780273
4960,343823.4529252958
4961,191273.48987175355
4962,576020.4589638273
4963,388407.04463289795
4964,271290.630412492
4965,314347.1588863187
4966,407967.1828860729
4967,438217.09474505676
4968,421332.0738029287
4969,259979.04578334294
4970,293948.6888841122
4971,274918.69010375725
4972,362753.6397141863
4973,380827.5805530461
4974,288049.42075730796
4975,221181.3313217409
4976,358305.1720378686
4977,287925.9760102063
4978,438702.83935995033
4979,402498.6424743127
4980,259660.64845590267
4981,326686.6635079938
4982,248168.49961768693
4983,347447.7326865407
4984,403040.2817824522
4985,411274.01410165825
4986,269256.389306561
4987,250078.9098865716
4988,286693.1153744466
4989,401450.55665729445
4990,301757.5097087527
4991,271452.7669230311
4992,405150.23933341133
4993,417928.9497545551
4994,380336.50542035943
4995,424100.6064000046
4996,429471.1309641844
4997,325585.88814331655
4998,320066.57322414435
4999,307516.30122106115
5000,391867.9376831518
5001,289774.0413961923
5002,421605.3529162705
5003,302328.4164269454
5004,426572.46653132915
5005,282195.88203874935
5006,297448.2732285373
5007,328661.04639558744
5008,430034.91108772863
5009,258894.3672373264
5010,390412.42375321273
5011,268741.7599459118
5012,422281.1918510981
5013,215647.3656230534
5014,268435.0474544506
5015,249702.11517357727
5016,352133.99933469854
5017,397604.4741129822
5018,200790.3885440773
5019,362930.2638010524
5020,456783.77375173697
5021,271385.05394260737
5022,286677.3945148236
5023,316103.3174813725
5024,385411.17965037964
5025,388491.83158440795
5026,478035.9966361331
5027,294378.9288893532
5028,301966.42312033894
5029,489563.6093926932
5030,376909.8418727244
5031,327861.7477839034
5032,272314.8392672359
5033,250632.08713828665
5034,336373.4670872465
5035,208275.0492036425
5036,351022.7516717338
5037,363695.55955834227
5038,397325.4912666955
5039,358242.433888104
5040,356165.4707001622
5041,363296.5342246719
5042,300823.64767053514
5043,436574.38929510274
5044,365526.37980432465
5045,314347.1588863187
5046,282195.88203874935
5047,269653.8257229501
5048,316824.5228951449
5049,358587.2423989632
5050,296489.6465929664
5051,301807.0149538921
5052,265253.2800592977
5053,213180.400934162
5054,263048.46360540716
5055,415798.09244850936
5056,472592.8906574
5057,290854.696655935
5058,310324.0305302679
5059,343706.0003263822
5060,272263.59394692915
5061,350547.60958127066
5062,276714.66198468074
5063,238558.19953433258
5064,303748.87428615394
5065,292854.2626574943
5066,357334.1645756438
5067,309541.2418027152
5068,239106.41767860382
5069,275082.54910872906
5070,243414.35044632945
5071,264914.40223098994
5072,212533.42227099655
5073,263784.7354647268
5074,239955.24959916182
5075,232615.9037695883
5076,361167.88794579986
5077,406096.87458019715
5078,416360.3190454024
5079,560419.3305768355
5080,329928.285485437
5081,253114.77597308264
5082,276714.66198468074
5083,402498.6424743127
5084,187945.81662674155
5085,382197.0595775757
5086,349195.09503592533
5087,412410.7737557256
5088,471295.6102567916
5089,268687.9077147612
5090,212880.3385733724
5091,321153.1288525705
5092,287722.8934139226
5093,229086.34075503363
5094,289353.34615639946
5095,389753.06487295247
5096,416239.8814407311
5097,244786.7077457877
5098,337647.18473930703
5099,354193.8725995776
5100,268741.7599459118
5101,271348.684841083
5102,391867.9376831518
5103,374492.66440372105
5104,278813.4708113538
5105,267714.3579076546
5106,294346.1239477942
5107,347947.2926352589
5108,309568.1176329416
5109,299651.1091255395
5110,306544.42264622374
5111,200790.3885440773
5112,309644.6322915036
5113,289371.0118764327
5114,292780.93761748844
5115,217425.23813720854
5116,253864.22602341656
5117,497248.17253265006
5118,405767.5669394317
5119,453282.0346558854
5120,1132407.9806135506
5121,431397.7331195327
5122,301351.3581305464
5123,285243.2846579123
5124,212814.88489184482
5125,264361.3774249103
5126,406293.99961588584
5127,352353.7777687119
5128,273727.8092712736
5129,196058.3811402616
5130,366277.67317395675
5131,358419.1917272355
5132,432256.52899095893
5133,339638.8712331657
5134,277163.9547619473
5135,287345.22101979784
5136,332721.81852440815
5137,397206.86026432965
5138,265139.1677998205
5139,321750.11879319063
5140,260965.5446826681
5141,338050.562790637
5142,276538.2807437243
5143,245478.10660097963
5144,291085.45771589153
5145,325550.8832183137
5146,520465.6321481081
5147,382469.549206025
5148,287973.74506151903
5149,309644.6322915036
5150,322002.96782031725
5151,409505.193736874
5152,787335.0583191719
5153,303918.48227187584
5154,231071.19493844284
5155,251433.1006471333
5156,423071.04747653584
5157,420732.08461315546
5158,314804.5908616791
5159,224314.43005820792
5160,270348.3069490809
5161,367534.2320022806
5162,266352.1261365687
5163,389374.5498320733
5164,277608.9796926891
5165,218121.1374561277
5166,287665.4870178654
5167,482285.71647493663
5168,326873.13538682385
5169,389160.6221059877
5170,328847.70547190256
5171,460702.3601007722
5172,349957.0686928823
5173,280885.2486315039
5174,213591.73642425326
5175,391867.9376831518
5176,474084.5736171954
5177,358658.65388787823
5178,445451.3868656281
5179,377607.6117918141
5180,306362.76608552947
5181,422608.5887717572
5182,388679.2008045798
5183,310939.931239364
5184,392737.969550677
5185,303489.5761538083
5186,269816.59536868276
5187,274319.6393911781
5188,788134.8592509577
5189,423586.8027921552
5190,380006.24692937
5191,303881.0094361406
5192,250816.2385153633
5193,325806.58287718333
5194,381415.41952839977
5195,270631.6239397513
5196,286413.6845925328
5197,212814.88489184482
5198,445453.04288610176
5199,287614.07989671483
5200,276157.1069640168
5201,336144.8594688862
5202,326060.3994853783
5203,391446.08384896873
5204,206381.9991965646
5205,352623.78176453174
5206,257396.7918999667
5207,331821.9653374712
5208,290854.696655935
5209,287195.55801966507
5210,420554.1341183961
5211,319942.0413417969
5212,305053.63233669975
5213,211883.0541200073
5214,292570.4633985342
5215,296211.27703509567
5216,301227.10736351303
5217,256912.92049951904
5218,274918.69010375725
5219,303112.60855603294
5220,391252.009087433
5221,399206.0162126874
5222,351928.4378577664
5223,331821.9653374712
5224,349009.57020364195
5225,264801.81595819065
5226,300883.16233101423
5227,476955.1699703652
5228,411999.4138797203
5229,301710.6169492651
5230,348777.955577682
5231,414188.94719381136
5232,259679.4362252031
5233,976702.2356719464
5234,855429.5035423869
5235,279475.65193569404
5236,339490.5711074529
5237,351065.7877175907
5238,399741.7850358449
5239,421499.1272525227
5240,315601.2912088974
5241,228290.62053992567
5242,431601.3655400309
5243,292815.10707914043
5244,269151.1983115368
5245,255854.62446906982
5246,251529.94967343938
5247,295588.52939921035
5248,219600.1731267433
5249,318509.54277108714
5250,330658.4472534339
5251,325073.83650870406
5252,314228.85543153685
5253,413479.4953063827
5254,270557.38106482645
5255,302694.65045993886
5256,459703.4814319011
5257,181633.72151508956
5258,346758.3692278645
5259,265296.87092332577
5260,418280.30053864553
5261,242726.63304663004
5262,310745.9705701224
5263,311199.6241796502
5264,345636.79296258366
5265,292518.94389815413
5266,898617.2478448508
5267,290854.696655935
5268,224087.37956426266
5269,250816.2385153633
5270,191369.1100967889
5271,264801.81595819065
5272,279768.87627252
5273,1002682.2732111228
5274,418872.12930159783
5275,278195.89612109103
5276,324474.73306838813
5277,212797.95432325112
5278,444248.01612115814
5279,331821.9653374712
5280,340964.65389625117
5281,317339.5762453196
5282,351065.7877175907
5283,326654.0484259862
5284,334263.78977579356
5285,246615.4701926292
5286,240075.75982298088
5287,303808.45031135733
5288,274763.0163385868
5289,301823.61531218985
5290,177855.45550516952
5291,288982.0949416725
5292,387483.4472767005
5293,316489.991226519
5294,370057.4978055381
5295,330625.34466182074
5296,326875.1123422115
5297,277626.2295626818
5298,241938.6021207057
5299,269378.4826071762
5300,244962.02809392993
5301,277131.04286752065
5302,385869.22254084254
5303,325607.0619112727
5304,281203.4354323334
5305,310491.102038427
5306,417607.18298792635
5307,301257.9943286504
5308,208987.89992976034
5309,303591.3410508791
5310,314369.71584469144
5311,287052.23259767384
5312,374373.6305183482
5313,294044.45147621876
5314,218397.37174432166
5315,279937.4164171484
5316,330763.52103319624
5317,286135.7956801955
5318,273077.88942177594
5319,371237.6332020492
5320,347104.45360710757
5321,400882.86738327355
5322,316393.3505113861
5323,264958.0227469851
5324,377139.03310920164
5325,370387.24852916895
5326,287717.44906420214
5327,252888.18302549102
5328,277572.4179217274
5329,276714.66198468074
5330,226606.82270186688
5331,321131.0038875944
5332,346592.7517772332
5333,251529.94967343938
5334,296600.4687590784
5335,292771.56067250506
5336,406096.87458019715
5337,433011.1101131324
5338,261459.07529460508
5339,309644.6322915036
5340,229273.97846674582
5341,343034.8138573521
5342,431703.89404656994
5343,266326.56663991226
5344,396036.656163731
5345,315108.8379193859
5346,340990.36294278357
5347,330915.5715509343
5348,243862.08286246893
5349,359755.5275489892
5350,213512.10543440393
5351,254776.41314481903
5352,306544.42264622374
5353,298817.9638029046
5354,355161.5525226672
5355,383314.118406549
5356,249484.44860970898
5357,256685.12584568592
5358,416149.9999540665
5359,168756.55459058954
5360,954157.9221114398
5361,258347.2696731604
5362,358103.151719828
5363,292392.98693640414
5364,205367.81772198124
5365,274763.0163385868
5366,343289.3172980633
5367,358761.8458946821
5368,383548.6353749305
5369,357787.16128066916
5370,200922.12799190622
5371,225175.7983032865
5372,212765.35327717432
5373,297396.74944208027
5374,242538.9200690044
5375,394890.42657169903
5376,294390.1748147657
5377,352768.9765559457
5378,309616.75965510943
5379,339647.2988638379
5380,209847.99832686322
5381,318377.660107309
5382,410353.83974383574
5383,227076.13833897447
5384,254140.35198586626
5385,310324.0305302679
5386,236296.96627831424
5387,198106.13317985623
5388,298854.55219524214
5389,974184.0202805847
5390,332762.0827157271
5391,269184.9367727721
5392,385873.37538499734
5393,425789.139466708
5394,279350.72059660155
5395,185757.2375349492
5396,282195.88203874935
5397,286808.1571827183
5398,297125.8756491482
5399,328587.28537628433
5400,223094.0734647255
5401,275082.54910872906
5402,199563.25667167772
5403,216790.89497743835
5404,288372.5741439816
5405,264928.29085227026
5406,362808.21948342456
5407,252600.59263594175
5408,312027.40116007533
5409,227771.41771220145
5410,245005.29220436662
5411,321451.9076445048
5412,311079.18443832634
5413,373074.3821071738
5414,177721.48004662365
5415,354003.1365238419
5416,169824.86306547982
5417,337532.12990185636
5418,396368.8769435964
5419,337725.5175530367
5420,358658.65388787823
5421,258628.486973168
5422,443216.10315530165
5423,528141.3333893552
5424,356502.0153150848
5425,399856.2268830353
5426,341527.5473253639
5427,784569.0918732984
5428,474720.32349726534
5429,242610.40331465838
5430,276714.66198468074
5431,256351.83706070512
5432,254250.55939489978
5433,287833.648705964
5434,381559.55405171873
5435,320388.885172417
5436,260056.7686333373
5437,212814.88489184482
5438,375197.3536556957
5439,214441.83575193118
5440,162189.002464444
5441,247959.69691192705
5442,363016.39690238313
5443,265232.8324610879
5444,304581.5646057882
5445,385597.73427369085
5446,347793.3048427292
5447,302067.7025993996
5448,228250.1076176588
5449,411560.1829598398
5450,291571.1318512879
5451,330078.6216658555
5452,264583.64592734986
5453,424551.1460895861
5454,449279.45736098726
5455,264548.0060757023
5456,212582.5859026299
5457,193355.53863864866
5458,222293.00921186164
5459,279937.4164171484
5460,410382.9599934004
5461,290622.28796920204
5462,333668.66896351334
5463,291565.19830654375
5464,226606.82270186688
5465,339240.2399422186
5466,396475.36564547784
5467,409157.40745315736
5468,235591.72468851734
5469,208772.15026971258
5470,354604.53747124266
5471,330282.0933731929
5472,221565.86443517567
5473,273016.2652711842
5474,351065.7877175907
5475,226180.63220557632
5476,874955.4335555894
5477,272314.8392672359
5478,282527.2713415183
5479,286887.33437835006
5480,175205.55295078392
5481,358517.82111126086
5482,368561.40460440755
5483,217656.76612315184
5484,351666.45507033775
5485,193303.07766442202
5486,343706.0003263822
5487,383548.6353749305
5488,269533.5291462083
5489,336235.1104565871
5490,272314.8392672359
5491,264613.6773484317
5492,319554.4738508718
5493,365087.91439498035
5494,593748.3524779109
5495,353831.01720904035
5496,408690.4919300032
5497,310257.4938992847
5498,189587.6048891109
5499,267009.49175893504
5500,317950.4295479924
5501,335728.7236060781
5502,337003.83663080947
5503,271899.8935901343
5504,282748.5266712575
5505,270541.91335249034
5506,225155.01192255915
5507,290794.7226768521
5508,405277.5909878859
5509,290863.2914752082
5510,417050.32780475356
5511,267576.9413676838
5512,259526.7620443121
5513,267392.49028119
5514,309225.8224581736
5515,281580.24857375276
5516,389469.3751567343
5517,276714.66198468074
5518,413059.89626803575
5519,1084713.6986376022
5520,235731.72809432642
5521,323073.26374134124
5522,464209.16290490015
5523,279062.7774162083
5524,387203.248330379
5525,425963.19167783705
5526,187912.77751435057
5527,434868.24688238074
5528,304187.91411810846
5529,196470.0141984788
5530,189789.14559625895
5531,372768.9929964115
5532,391867.9376831518
5533,404740.71164985903
5534,263834.6143830019
5535,433933.55638116796
5536,628689.1438046972
5537,339374.5929896785
5538,261214.37359165066
5539,242193.6788069028
5540,344890.8516690388
5541,330743.1647946643
5542,330896.4638809446
5543,331522.49254229217
5544,159904.79301804648
5545,227622.35699716586
5546,426563.7419910047
5547,294224.59435155196
5548,235035.99086021498
5549,251529.94967343938
5550,305033.16016223206
5551,396170.01957032236
5552,269362.71443659556
5553,244622.13193524678
5554,393165.8716565661
5555,303426.133610974
5556,381304.45845382434
5557,459984.24235379364
5558,385520.5515299408
5559,348975.05137394794
5560,939228.5994336446
5561,382197.35882541677
5562,268366.27510397806
5563,221059.27854130536
5564,404305.83387062995
5565,449276.4484446256
5566,673657.8554496386
5567,253723.82814424444
5568,553628.1877113605
5569,290761.8078407026
5570,268751.3302808926
5571,312347.85079049953
5572,1140577.332185359
5573,361061.4487365758
5574,162682.76514035236
5575,293034.82657154667
5576,268175.11470604205
5577,277445.20914272504
5578,368696.70634635916
5579,333577.5932718635
5580,399997.999057822
5581,176089.70726291885
5582,265176.25922238646
5583,364712.0141409316
5584,277611.6231634696
5585,328020.79180356086
5586,196971.64918970945
5587,218689.36399438002
5588,437594.0933320055
5589,262068.89440650085
5590,399741.7850358449
5591,259900.77189519926
5592,1454506.248128416
5593,370383.99045263656
5594,376873.70931269036
5595,345615.79943807656
5596,401411.11012492183
5597,297581.68534366897
5598,223891.34471258844
5599,378118.2241532166
5600,418031.03013071296
5601,275750.7374386035
5602,347476.0621055044
5603,490963.0636961202
5604,407263.9260041473
5605,372673.83279902046
5606,249028.27535345536
5607,456381.6213715735
5608,253614.19806736495
5609,253723.82814424444
5610,276714.66198468074
5611,427954.139682775
5612,316235.0642686631
5613,256303.92691727247
5614,306903.7670484491
5615,874882.6930378252
5616,293669.407880693
5617,228250.1076176588
5618,349811.0422761451
5619,400974.30740938144
5620,286135.7956801955
5621,364724.2822388625
5622,272033.9974412744
5623,291923.0456359336
5624,267153.00299810147
5625,250816.2385153633
5626,162189.002464444
5627,213907.59245380582
5628,331662.36857349525
5629,1640737.4071380273
5630,341667.53624634375
5631,185794.26749574248
5632,346858.6412387223
5633,269932.69586857455
5634,290863.2914752082
5635,247559.13278446993
5636,324452.1556405166
5637,408987.2172817582
5638,416253.041701892
5639,283539.8438652511
5640,255263.39035781607
5641,224742.98580167707
5642,441399.5159575013
5643,364435.88283049595
5644,211585.23928785804
5645,286592.6286492792
5646,396106.13120557443
5647,287168.60719312984
5648,276680.30967977905
5649,322751.83534268173
5650,322010.94820685644
5651,309296.52782980236
5652,1056578.466085976
5653,336416.1752701277
5654,267376.84145569126
5655,523652.33013979514
5656,211681.9443114298
5657,252878.38683122813
5658,327555.8933310443
5659,342856.45760602143
5660,288036.6320392924
5661,269250.9658484657
5662,562192.1033489424
5663,275908.2158766171
5664,299860.5524253122
5665,213591.73642425326
5666,264480.96258889535
5667,355516.3820303097
5668,193611.75075493194
5669,345036.87768426305
5670,209303.6122629577
5671,279733.7845836279
5672,272314.8392672359
5673,286274.1555147321
5674,218830.3644766824
5675,465340.42932120647
5676,419720.9612688894
5677,373704.6702171279
5678,284361.7100172367
5679,401230.37068589585
5680,447260.2299571708
5681,389348.7506169464
5682,296520.42097224266
5683,212502.17833505213
5684,974950.3062545712
5685,272953.8511204436
5686,304275.10764990153
5687,343992.2581322615
5688,199928.40452708272
5689,410131.1015229079
5690,265891.2957561948
5691,262852.0727168848
5692,294649.12697319774
5693,231163.16604190716
5694,398289.77865406376
5695,297080.77454518183
5696,292432.08652081934
5697,317155.49470012315
5698,351065.7877175907
5699,363301.535250398
5700,396106.13120557443
5701,425988.049667794
5702,257298.58758926042
5703,481505.69547219196
5704,342630.15480989777
5705,506837.0571606929
5706,276714.66198468074
5707,311120.74543675996
5708,295252.56097816717
5709,361342.78957026935
5710,588072.4644951394
5711,224552.38557473104
5712,246297.13751253043
5713,976702.2356719464
5714,405074.5318997765
5715,346897.0512179797
5716,275038.8090971605
5717,241423.8731521575
5718,305217.5887821664
5719,344494.49471091706
5720,406469.06240221503
5721,408762.40589205327
5722,427456.0082777892
5723,462773.99269593775
5724,360077.10505991656
5725,263417.8961381639
5726,199349.28950157115
5727,298023.76535945124
5728,260776.86601628593
5729,175736.78177212778
5730,277163.9547619473
5731,321648.1317968165
5732,249466.0859664932
5733,329457.38825728424
5734,546978.4687061156
5735,233314.57027391653
5736,381486.8947241822
5737,164222.01148322105
5738,303167.2827834653
5739,286003.188585339
5740,310862.4248230549
5741,283781.43968275056
5742,419444.5771721304
5743,348777.955577682
5744,270531.8652693923
5745,361559.47388013377
5746,220810.11034462534
5747,341281.70338614966
5748,348488.97725067637
5749,291164.73888373695
5750,271069.31480447855
5751,373949.0442714607
5752,383981.83462133276
5753,267496.53126014996
5754,343289.3172980633
5755,350200.0575454184
5756,271566.6138042267
5757,241234.66603941802
5758,380175.1143672933
5759,362938.0744854384
5760,264362.0210861924
5761,343706.0003263822
5762,417805.13523793267
5763,372118.06594543316
5764,255690.86119251995
5765,303881.0094361406
5766,420575.48445371096
5767,325836.7496392694
5768,227507.96616340757
5769,312185.06816421007
5770,341811.24746820825
5771,225796.29175720425
5772,408434.04402360064
5773,290980.2999053667
5774,515863.57798942295
5775,249028.27535345536
5776,423104.5347721936
5777,214980.63323498075
5778,398289.77865406376
5779,239794.23321322037
5780,383105.49622482696
5781,266117.555191846
5782,316012.268835609
5783,280612.3967250727
5784,325104.3119664921
5785,549590.7732877894
5786,302144.8934023263
5787,807784.3664301886
5788,426616.91980490525
5789,342495.30810244515
5790,450801.6856890112
5791,286494.3322667454
5792,270992.4990168716
5793,275298.09296097356
5794,247791.14772859472
5795,296048.00263660145
5796,326875.1123422115
5797,306544.42264622374
5798,297396.74944208027
5799,450696.0507619684
5800,418390.56054279266
5801,341906.41258191277
5802,278299.1912466528
5803,1027137.8224623672
5804,390619.1055415139
5805,162189.002464444
5806,289010.5339350155
5807,303146.4369187065
5808,320388.885172417
5809,212814.88489184482
5810,338937.2232456552
5811,272314.8392672359
5812,357703.334035025
5813,242799.3361015221
5814,324035.3617811893
5815,238257.4216631301
5816,433318.1802528339
5817,306856.661319982
5818,356798.0183608942
5819,267382.8373109559
5820,379710.88074624486
5821,861766.5774362073
5822,404679.08946921036
5823,369766.27855900186
5824,351194.43404446234
5825,413302.1005387872
5826,277186.52634159225
5827,270444.1705998608
5828,356212.4803526238
5829,429860.97814221855
5830,443342.80399271316
5831,326589.9345835142
5832,397633.9430464305
5833,268632.7417570177
5834,223048.82893159497
5835,308083.2591396351
5836,239254.16062831448
5837,183726.91217239777
5838,332031.25723010645
5839,328259.7746694745
5840,220218.55019788657
5841,474255.29183517245
5842,260421.9180608927
5843,212814.88489184482
5844,511132.916503589
5845,338081.2638096806
5846,195042.05238121326
5847,204360.26604801705
5848,264201.11614862195
5849,255494.3391484913
5850,252754.20185138893
5851,282350.4048808946
5852,326868.04280214454
5853,358060.61912428244
5854,216216.18920540065
5855,199194.9996207856
5856,289403.9807511485
5857,296845.11485159624
5858,231713.7332459696
5859,372995.40219351056
5860,316724.6787559244
5861,222342.76967465633
5862,419816.5424249096
5863,224293.40374272162
5864,330324.09774657676
5865,373949.0442714607
5866,194434.5053262187
5867,295898.6004076588
5868,675725.5984187992
5869,244851.6884501276
5870,319822.65428364923
5871,314532.6712343208
5872,288019.56448366574
5873,176790.1765015994
5874,249028.27535345536
5875,310750.80649615085
5876,268223.72747402097
5877,272059.28835255915
5878,310862.4248230549
5879,301845.7189128744
5880,337265.89349060383
5881,306544.42264622374
5882,380874.94520666805
5883,273550.8056100436
5884,318270.71200749936
5885,372768.9929964115
5886,409987.3541771084
5887,190690.8351142385
5888,779461.4083357194
5889,212670.9821329475
5890,308888.6395650983
5891,295792.7833277034
5892,338783.0840986819
5893,323589.07628686365
5894,234884.11315792528
5895,303489.5761538083
5896,613361.2939706539
5897,538371.1893738542
5898,452933.5777097725
5899,203047.19758387248
5900,303489.5761538083
5901,262522.3105657654
5902,360050.1332199536
5903,405025.0686920887
5904,297741.81059728406
5905,295910.9463571154
5906,436365.92478393065
5907,280151.14835771977
5908,246265.41254775954
5909,337737.74863318424
5910,410024.0827248423
5911,273016.2652711842
5912,278821.0446394179
5913,216066.87560613675
5914,378455.93996438273
5915,262202.5539998137
5916,398629.28405727824
5917,291161.7741855015
5918,268182.1056429103
5919,261738.56596613393
5920,280236.2733666952
5921,332686.3469234453
5922,374170.74472723796
5923,339670.97387061437
5924,408527.84085097356
5925,296607.5513965955
5926,179561.52491112766
5927,374243.45918065164
5928,312851.8852426244
5929,364435.88283049595
5930,785589.5951178002
5931,223048.82893159497
5932,274715.0243956381
5933,377147.85367737064
5934,349088.53838866
5935,279344.2931454904
5936,330185.65577952046
5937,281964.3877000819
5938,264928.29085227026
5939,243401.55365256584
5940,289431.7648027391
5941,381820.02265352086
5942,284295.8453077751
5943,299683.7115949999
5944,329352.64467576053
5945,456444.8259515305
5946,277163.9547619473
5947,351070.281420613
5948,263325.93200627115
5949,223048.82893159497
5950,274763.0163385868
5951,397533.8631889283
5952,217600.80483038552
5953,349957.0686928823
5954,314965.7634184959
5955,318507.4085946937
5956,326252.2076201701
5957,384329.34973005997
5958,318011.51133298187
5959,400366.8692230225
5960,338762.9035623063
5961,292815.10707914043
5962,268827.66882656683
5963,215150.3361562142
5964,356709.96846695663
5965,194403.80914501616
5966,419879.50687984464
5967,356202.493282079
5968,202270.50892556863
5969,262082.28431755165
5970,337633.01433628344
5971,317543.4267830627
5972,699816.4080225626
5973,416994.26873233385
5974,348875.3424128114
5975,332808.04879428016
5976,286962.42247489217
5977,423954.3354717094
5978,305728.221505523
5979,191131.1578266209
5980,199729.3488162952
5981,211176.51115312736
5982,255854.62446906982
5983,507399.0944041545
5984,273675.8419020623
5985,342912.089991635
5986,349723.54755194305
5987,297121.5607541798
5988,226180.63220557632
5989,275082.54910872906
5990,280583.0423697058
5991,275927.00819067983
5992,377122.55450512376
5993,313444.50877909455
5994,867913.9638739248
5995,390066.68399611197
5996,370907.80241770373
5997,952981.5249575069
5998,328516.725913435
5999,349510.3328647468
6000,306098.638712047
6001,277706.9735448896
6002,259660.64845590267
6003,283067.3285670799
6004,474084.5736171954
6005,261173.09250755486
6006,287737.6796119209
6007,261738.56596613393
6008,263489.03232237854
6009,300577.3564511107
6010,282779.1914141841
6011,278375.0866708935
6012,279937.4164171484
6013,216153.2654445419
6014,363867.5947942164
6015,347104.45360710757
6016,346126.4177402966
6017,576837.3920814225
6018,421118.014666255
6019,268175.11470604205
6020,314369.71584469144
6021,255864.82659052077
6022,213591.73642425326
6023,385332.3171984481
6024,282195.88203874935
6025,333504.93553525663
6026,410537.3927217882
6027,276326.201347781
6028,315464.76974696986
6029,254637.7894147871
6030,263935.6085487467
6031,262310.2751712253
6032,230639.0524024759
6033,331503.23352134356
6034,261825.8593047151
6035,318871.9282309598
6036,342860.369524288
6037,400105.7540188457
6038,293457.2276603411
6039,412569.9428868726
6040,245394.32589220357
6041,565765.2483613049
6042,340475.8860369602
6043,169575.5135992991
6044,269101.5513497257
6045,242726.63304663004
6046,413257.4495010039
6047,177946.38815064443
6048,389671.3955264971
6049,328189.85908933566
6050,338261.0851654133
6051,375908.9233637504
6052,264079.5344250075
6053,254039.99902957483
6054,319827.69589288236
6055,279913.95139257604
6056,415850.32722539385
6057,262399.50549782545
6058,300823.64767053514
6059,351399.6227905301
6060,383596.8856795733
6061,481373.74198384566
6062,208948.06951349418
6063,416253.041701892
6064,391867.9376831518
6065,802840.7692463348
6066,324692.9328459089
6067,271899.8935901343
6068,423586.8027921552
6069,318385.0229307452
6070,244614.62895204333
6071,348906.91046512383
6072,979919.5418937955
6073,390066.68399611197
6074,421723.08778725995
6075,217394.8143641503
6076,254554.63969198192
6077,285786.5077557755
6078,389895.9790073786
6079,332701.8502134705
6080,398463.6401747262
6081,334783.2880371512
6082,366416.64401272015
6083,299461.4340275056
6084,411559.625219765
6085,196458.94719741173
6086,268637.22975530545
6087,305941.7868022723
6088,299882.41794801323
6089,433677.5828572923
6090,502762.7202983054
6091,357386.5924455653
6092,274763.0163385868
6093,543241.2112891836
6094,276522.798883257
6095,381820.02265352086
6096,295792.7833277034
6097,333949.4189723594
6098,277096.7811591505
6099,417643.0530031643
6100,373386.51924698724
6101,261638.03427482466
6102,421295.2612806271
6103,315331.19466412114
6104,432152.5927283509
6105,290010.0833324834
6106,230240.58904161683
6107,190741.0671837637
6108,196868.26678752844
6109,309676.57249671494
6110,282195.88203874935
6111,290854.696655935
6112,227644.41833876324
6113,346885.9086511794
6114,340191.4500053146
6115,273766.83356359217
6116,258108.19529230788
6117,269533.5291462083
6118,420764.50851676543
6119,362543.36536720034
6120,263429.97927355056
6121,338675.2153257106
6122,255854.62446906982
6123,401839.62134066765
6124,272965.579160154
6125,266793.6832161945
6126,545952.89183933
6127,360346.9387408501
6128,209459.1399113806
6129,319309.2691896104
6130,253981.33260709603
6131,310491.102038427
6132,204832.59995459617
6133,186157.481659966
6134,289493.592320109
6135,392821.16518369457
6136,323204.00841967884
6137,269533.5291462083
6138,255049.30709528178
6139,291368.9932847161
6140,320143.22136355535
6141,385616.1303129699
6142,330310.7137561169
6143,205367.81772198124
6144,486223.0703982964
6145,339337.1185867628
6146,213244.49559996888
6147,339647.2988638379
6148,571406.7815470467
6149,273284.3159859295
6150,301804.52233624086
6151,218454.31961344997
6152,332968.4018429243
6153,338577.01471670787
6154,343289.3172980633
6155,419150.32032056537
6156,328468.2144622451
6157,320845.6849903817
6158,249519.41413871682
6159,503179.7501078316
6160,302647.4293347816
6161,371151.2057190524
6162,279475.65193569404
6163,904798.0795403688
6164,332339.03743961174
6165,404089.9825257375
6166,325297.42756767344
6167,328736.5302399852
6168,280097.4785491703
6169,321814.0406480387
6170,254668.40950913524
6171,186902.49558871638
6172,268632.7417570177
6173,364107.05164409115
6174,267835.56408327864
6175,262145.809156752
6176,268632.7417570177
6177,248088.67266345845
6178,259800.53982679924
6179,276714.66198468074
6180,396106.13120557443
6181,294930.50965722534
6182,419808.282481049
6183,465413.0850550777
6184,360346.9387408501
6185,198401.79911409802
6186,287195.55801966507
6187,268702.93127127044
6188,1056578.466085976
6189,264349.72219453147
6190,257211.88642389397
6191,336523.114582068
6192,389197.7817987831
6193,290761.8078407026
6194,303770.0873162493
6195,209008.51619637615
6196,277158.0611315332
6197,333504.93553525663
6198,406293.99961588584
6199,271566.6138042267
6200,387731.52354758326
6201,299245.2472054194
6202,256738.24810765064
6203,206922.3901095699
6204,462681.69652794074
6205,486741.9133573825
6206,434253.3002401866
6207,209300.95485945157
6208,268637.22975530545
6209,330832.80395499803
6210,304413.7358948544
6211,325036.9331729866
6212,309291.2750906334
6213,286660.9054184444
6214,295910.9463571154
6215,212533.42227099655
6216,195912.36481728082
6217,181332.16594359078
6218,248088.67266345845
6219,372768.9929964115
6220,261452.45172386232
6221,198124.00489571624
6222,268746.34572631924
6223,328265.98657282605
6224,333172.9787302522
6225,312526.35014639515
6226,321546.23399522546
6227,319126.6564750882
6228,274454.83753300045
6229,297307.96899298544
6230,310941.39619654755
6231,290854.696655935
6232,333420.6397737743
6233,429723.6907619029
6234,309235.3515207361
6235,255846.6780513598
6236,189074.90739972595
6237,254237.96880100382
6238,272314.8392672359
6239,362839.2941629596
6240,273906.6566294607
6241,290863.2914752082
6242,361200.39639704593
6243,285952.21617574274
6244,251529.94967343938
6245,264928.29085227026
6246,248088.67266345845
6247,364916.6246541538
6248,309644.6322915036
6249,379863.36065751186
6250,436688.24871623615
6251,259583.4736091057
6252,456783.77375173697
6253,275758.5679628326
6254,307747.13769373694
6255,414825.3715425822
6256,205071.78500017774
6257,249028.27535345536
6258,289307.943482058
6259,332773.45082730736
6260,287052.23259767384
6261,353546.3150218163
6262,315972.94278095855
6263,326324.3174105065
6264,212805.57710126782
6265,270073.34637239994
6266,333198.6326791645
6267,326386.04730464757
6268,1027330.3687392656
6269,322463.32305863034
6270,367037.3451407379
6271,256009.8742232584
6272,274763.0163385868
6273,427123.46980718983
6274,361398.69635306846
6275,352456.71112374455
6276,345820.6019560006
6277,164222.01148322105
6278,366829.5631569209
6279,263784.7354647268
6280,306961.03341758327
6281,314227.9364369878
6282,408532.9660077455
6283,252888.18302549102
6284,401417.16083160415
6285,306149.27134535497
6286,419460.11801763874
6287,312085.302282881
6288,243561.53588775167
6289,976265.2614532612
6290,318654.0345428659
6291,412966.61773537
6292,194463.5722907236
6293,268741.7599459118
6294,443392.716149624
6295,417204.2281332986
6296,806718.5086698534
6297,361683.63984890404
6298,337374.955931915
6299,200727.2332016744
6300,366353.16822080186
6301,269521.0623415731
6302,351747.2151664761
6303,396106.13120557443
6304,374385.44826698623
6305,272314.8392672359
6306,396106.13120557443
6307,338937.2232456552
6308,391239.5752886494
6309,260980.284624404
6310,351457.40563881915
6311,201719.65580440298
6312,337647.18473930703
6313,294102.37751272775
6314,343326.927424753
6315,919698.4423840264
6316,292312.29454599635
6317,262780.4448883383
6318,310324.0305302679
6319,268741.7599459118
6320,240728.06282109363
6321,293889.0746253846
6322,204970.48253025752
6323,379914.78717722377
6324,319549.8304263904
6325,257142.46394517107
6326,393291.4177728329
6327,353872.8956728462
6328,309947.0012100268
6329,283753.0919765581
6330,317339.5762453196
6331,255899.27917375808
6332,310491.102038427
6333,282697.1872942888
6334,257722.03655704376
6335,290854.696655935
6336,363301.535250398
6337,335341.9789383347
6338,301581.62337304413
6339,261738.56596613393
6340,214812.61895032483
6341,409610.9040309578
6342,403277.3308965319
6343,297536.242065868
6344,320388.885172417
6345,424202.69460849516
6346,370057.4978055381
6347,269810.2240290753
6348,310491.102038427
6349,283086.98918811977
6350,388979.8264993732
6351,276714.66198468074
6352,222270.6670806077
6353,318776.14682019595
6354,298416.8217514572
6355,325206.1152299737
6356,376689.6307165244
6357,395519.40177140204
6358,250473.8323563484
6359,333978.565453006
6360,210045.8572704486
6361,380813.1558573925
6362,284791.045320764
6363,241512.18459864223
6364,232667.44859637594
6365,309514.1634949194
6366,191391.6509248475
6367,215383.2337084998
6368,304789.5384243965
6369,272314.8392672359
6370,265165.52227279334
6371,297433.89820337534
6372,254117.2172546017
6373,351918.0220003199
6374,184310.7642424096
6375,299750.4577764681
6376,361042.0794773446
6377,320374.1358337918
6378,403014.7970822157
6379,371490.5514581078
6380,953840.0510934119
6381,199405.08296388353
6382,290975.27726119827
6383,324006.7172760809
6384,399741.7850358449
6385,279855.7093451522
6386,495316.1002425993
6387,297075.36911142385
6388,285754.1848221292
6389,259660.64845590267
6390,372768.9929964115
6391,265158.634484042
6392,293737.30402529234
6393,358355.229817275
6394,405771.7643423793
6395,193243.36703179296
6396,280734.66661375796
6397,282126.7103203062
6398,465866.51309545693
6399,304388.7002266968
6400,343072.9454362121
6401,363399.56303939974
6402,278383.090445508
6403,195215.00353154333
6404,284650.2557437101
6405,280734.66661375796
6406,276689.6422860653
6407,176208.97385422527
6408,230076.35757313087
6409,246495.89015450949
6410,341035.88013689086
6411,405118.4500568112
6412,340852.2060102674
6413,389077.60415166756
6414,252078.66770067991
6415,530696.1159699387
6416,430108.3674993833
6417,280731.25354298844
6418,345043.9004657045
6419,348227.58330445783
6420,422622.1233882024
6421,615788.008670234
6422,393560.67030437954
6423,340148.0705714014
6424,201650.87534617868
6425,274195.1500698522
6426,265158.634484042
6427,404081.2697102439
6428,289333.3579104718
6429,472142.967218137
6430,380175.795783064
6431,226606.82270186688
6432,284791.045320764
6433,305472.4416158237
6434,305826.0551789758
6435,304634.87722292653
6436,315108.8379193859
6437,328593.0771771139
6438,271573.51487755234
6439,298027.87896115554
6440,521280.6796397702
6441,376371.1678117054
6442,349009.57020364195
6443,333381.57430912496
6444,306530.9889501901
6445,367111.1408203125
6446,243401.55365256584
6447,940001.6297836193
6448,1005638.4702825856
6449,266575.05849502963
6450,653472.6188411844
6451,242914.85652443723
6452,314396.98198853893
6453,273016.2652711842
6454,324691.2070325651
6455,443342.80399271316
6456,247852.1227424376
6457,309731.79260053055
6458,340080.4072445558
6459,345806.05271384405
6460,377840.53122552286
6461,289431.7648027391
6462,309618.3344727135
6463,256324.599650815
6464,359679.9053612474
6465,273403.9482310973
6466,305217.5887821664
6467,248705.32721099872
6468,352495.2978194324
6469,299900.0738703249
6470,313000.9657627803
6471,284208.29266023246
6472,160805.34573315005
6473,321352.509948309
6474,262310.2751712253
6475,431326.62054903625
6476,368088.0288915908
6477,193934.1848796734
6478,274628.21053007944
6479,354858.7749648392
6480,635031.7867472417
6481,399329.0988770369
6482,282195.88203874935
6483,330041.96421724826
6484,373949.0442714607
6485,416836.25070472615
6486,228250.1076176588
6487,319309.2691896104
6488,574611.4627302352
6489,272314.8392672359
6490,204164.41206387492
6491,430495.0048948939
6492,340148.0705714014
6493,306544.42264622374
6494,264446.6118389283
6495,322008.0411346286
6496,212582.5859026299
6497,414267.5753815458
6498,260549.30050269785
6499,372202.03633315954
6500,521050.71424631914
6501,217704.8913233128
6502,288135.31455072615
6503,327058.1604951696
6504,352915.67615474446
6505,249028.27535345536
6506,310381.50744061323
6507,326686.6635079938
6508,424803.1981643403
6509,223547.78350997908
6510,332735.7018820262
6511,341182.7778823264
6512,445761.98119701975
6513,346610.01502883545
6514,211700.5161212332
6515,278743.219149879
6516,405493.2568540966
6517,268741.7599459118
6518,234746.53755450502
6519,244491.36905123858
6520,438217.09474505676
6521,224133.81309031323
6522,250791.40185298995
6523,310769.35162070533
6524,413585.96430002083
6525,383887.9452429514
6526,348773.1713010662
6527,462793.4433273445
6528,291164.73888373695
6529,368982.2718798981
6530,347104.45360710757
6531,518143.7341888333
6532,287945.8100929707
6533,249862.31169705428
6534,379710.88074624486
6535,406396.9960496975
6536,333150.72565965983
6537,272471.881022328
6538,346158.75745714357
6539,212814.88489184482
6540,248139.3449093331
6541,347845.79030428175
6542,282195.88203874935
6543,310324.0305302679
6544,203922.6852650474
6545,345900.50417487125
6546,225433.2871982709
6547,284984.0417701587
6548,400768.13069375034
6549,349379.57171160594
6550,387243.47114092455
6551,244976.81721657247
6552,327882.41868633655
6553,244976.81721657247
6554,403816.75522179407
6555,279857.5573577162
6556,292237.6477337485
6557,320976.7854020027
6558,312143.9081541469
6559,385411.17965037964
6560,344698.847492422
6561,342090.12374685024
6562,273077.88942177594
6563,297109.94652713137
6564,243752.3407709839
6565,252917.22655908903
6566,339969.4154684735
6567,319451.0963414163
6568,303499.6021274945
6569,297080.77454518183
6570,612523.5145621098
6571,158987.98003176975
6572,383497.3001139417
6573,387779.6378354616
6574,354333.3067517728
6575,251146.28863948915
6576,317218.28230040387
6577,416253.041701892
6578,299668.9502737894
6579,235111.4363322539
6580,283067.3285670799
6581,428042.3210863422
6582,372929.6233593045
6583,349404.39313746843
6584,246790.6286376559
6585,303059.9993917816
6586,240076.0518030939
6587,994773.8042590448
6588,278234.0869604608
6589,433754.1359070287
6590,418351.3855045544
6591,251529.94967343938
6592,197354.60075950666
6593,268741.7599459118
6594,388296.08309351286
6595,242610.40331465838
6596,247922.8601247173
6597,282905.9983237863
6598,416009.4722316621
6599,349495.9018198046
6600,328478.56413536397
6601,339704.23332197644
6602,278010.7361123652
6603,276384.8698572436
6604,333154.93498678895
6605,311308.6635673491
6606,263836.8730787786
6607,279037.72617287614
6608,263935.6085487467
6609,332686.3469234453
6610,369896.23653523665
6611,275622.68618902034
6612,441743.7479267665
6613,322890.7531242821
6614,342113.8554511241
6615,232615.9037695883
6616,188240.27660790886
6617,310420.86173939664
6618,272314.8392672359
6619,388392.7515567246
6620,426180.72628297244
6621,212814.88489184482
6622,353836.2106250623
6623,284330.35644898005
6624,268941.68131560256
6625,301815.89639251673
6626,377226.65484963974
6627,269892.1121767869
6628,223048.82893159497
6629,271226.8290862266
6630,349841.7341896195
6631,290931.2287146422
6632,429723.6907619029
6633,307016.11415285
6634,424904.7223758353
6635,393234.43837580964
6636,314524.89687857206
6637,317786.93024621665
6638,290854.696655935
6639,368358.9361422489
6640,284356.5559132973
6641,396787.31525777787
6642,162189.002464444
6643,205001.23700788838
6644,199314.97163540832
6645,397206.86026432965
6646,270018.69276458176
6647,291437.0084932778
6648,257964.8767496167
6649,337018.51198495977
6650,301457.61644851806
